-- Dữ liệu mẫu cho bảng NguoiDung
-- (Bao gồm admin đã có, thêm 99 bản ghi khác)
INSERT INTO NguoiDung (TaiKhoan, Ten, MatKhau, Email, Sdt, NgaySinh, GioiTinh, SoCCCD, VaiTro) VALUES
('khachhang1', N'Nguyễn Văn A', '$2b$10$eJCDxbyTqGrsX5YF1Iy6TOrMQUri4nGC1ltcF27XexNx9aC2pkYe.', 'nva@example.com', '0901234567', '1990-01-15', N'Nam', '123456789001', 'Customer'),
('khachhang2', N'Trần Thị B', '$2b$10$eJCDxbyTqGrsX5YF1Iy6TOrMQUri4nGC1ltcF27XexNx9aC2pkYe.', 'ttb@example.com', '0901234568', '1992-03-20', N'Nữ', '123456789002', 'Customer'),
('khachhang3', N'Lê Văn C', '$2b$10$eJCDxbyTqGrsX5YF1Iy6TOrMQUri4nGC1ltcF27XexNx9aC2pkYe.', 'lvc@example.com', '0901234569', '1988-05-10', N'Nam', '123456789003', 'Customer'),
('khachhang4', N'Phạm Thị D', '$2b$10$eJCDxbyTqGrsX5YF1Iy6TOrMQUri4nGC1ltcF27XexNx9aC2pkYe.', 'ptd@example.com', '0901234570', '1995-07-25', N'Nữ', '123456789004', 'Customer'),
('khachhang5', N'Hoàng Văn E', '$2b$10$eJCDxbyTqGrsX5YF1Iy6TOrMQUri4nGC1ltcF27XexNx9aC2pkYe.', 'hve@example.com', '0901234571', '1991-09-01', N'Nam', '123456789005', 'Customer'),
('khachhang6', N'Đỗ Thị F', '$2b$10$eJCDxbyTqGrsX5YF1Iy6TOrMQUri4nGC1ltcF27XexNx9aC2pkYe.', 'dtf@example.com', '0901234572', '1987-11-12', N'Nữ', '123456789006', 'Customer'),
('khachhang7', N'Võ Văn G', '$2b$10$eJCDxbyTqGrsX5YF1Iy6TOrMQUri4nGC1ltcF27XexNx9aC2pkYe.', 'vvg@example.com', '0901234573', '1993-02-28', N'Nam', '123456789007', 'Customer'),
('khachhang8', N'Bùi Thị H', '$2b$10$eJCDxbyTqGrsX5YF1Iy6TOrMQUri4nGC1ltcF27XexNx9aC2pkYe.', 'bth@example.com', '0901234574', '1990-04-05', N'Nữ', '123456789008', 'Customer'),
('khachhang9', N'Đặng Văn I', '$2b$10$eJCDxbyTqGrsX5YF1Iy6TOrMQUri4nGC1ltcF27XexNx9aC2pkYe.', 'dvi@example.com', '0901234575', '1994-06-18', N'Nam', '123456789009', 'Customer'),
('khachhang10', N'Nguyễn Thị K', '$2b$10$eJCDxbyTqGrsX5YF1Iy6TOrMQUri4nGC1ltcF27XexNx9aC2pkYe.', 'ntk@example.com', '0901234576', '1989-08-03', N'Nữ', '123456789010', 'Customer'),
('khachhang11', N'Trần Văn L', '$2b$10$eJCDxbyTqGrsX5YF1Iy6TOrMQUri4nGC1ltcF27XexNx9aC2pkYe.', 'tvl@example.com', '0901234577', '1996-10-09', N'Nam', '123456789011', 'Customer'),
('khachhang12', N'Lê Thị M', '$2b$10$eJCDxbyTqGrsX5YF1Iy6TOrMQUri4nGC1ltcF27XexNx9aC2pkYe.', 'ltm@example.com', '0901234578', '1985-12-22', N'Nữ', '123456789012', 'Customer'),
('khachhang13', N'Phạm Văn N', '$2b$10$eJCDxbyTqGrsX5YF1Iy6TOrMQUri4nGC1ltcF27XexNx9aC2pkYe.', 'pvn@example.com', '0901234579', '1997-01-30', N'Nam', '123456789013', 'Customer'),
('khachhang14', N'Hoàng Thị O', '$2b$10$eJCDxbyTqGrsX5YF1Iy6TOrMQUri4nGC1ltcF27XexNx9aC2pkYe.', 'hto@example.com', '0901234580', '1980-03-14', N'Nữ', '123456789014', 'Customer'),
('khachhang15', N'Đỗ Văn P', '$2b$10$eJCDxbyTqGrsX5YF1Iy6TOrMQUri4nGC1ltcF27XexNx9aC2pkYe.', 'dvp@example.com', '0901234581', '1998-05-07', N'Nam', '123456789015', 'Customer'),
('khachhang16', N'Võ Thị Q', '$2b$10$eJCDxbyTqGrsX5YF1Iy6TOrMQUri4nGC1ltcF27XexNx9aC2pkYe.', 'vtq@example.com', '0901234582', '1983-07-21', N'Nữ', '123456789016', 'Customer'),
('khachhang17', N'Bùi Văn R', '$2b$10$eJCDxbyTqGrsX5YF1Iy6TOrMQUri4nGC1ltcF27XexNx9aC2pkYe.', 'bvr@example.com', '0901234583', '1999-09-02', N'Nam', '123456789017', 'Customer'),
('khachhang18', N'Đặng Thị S', '$2b$10$eJCDxbyTqGrsX5YF1Iy6TOrMQUri4nGC1ltcF27XexNx9aC2pkYe.', 'dts@example.com', '0901234584', '1986-11-11', N'Nữ', '123456789018', 'Customer'),
('khachhang19', N'Nguyễn Văn T', '$2b$10$eJCDxbyTqGrsX5YF1Iy6TOrMQUri4nGC1ltcF27XexNx9aC2pkYe.', 'nvt@example.com', '0901234585', '2000-01-26', N'Nam', '123456789019', 'Customer'),
('khachhang20', N'Trần Thị U', '$2b$10$eJCDxbyTqGrsX5YF1Iy6TOrMQUri4nGC1ltcF27XexNx9aC2pkYe.', 'ttu@example.com', '0901234586', '1982-03-08', N'Nữ', '123456789020', 'Customer'),
('khachhang21', N'Lê Văn V', '$2b$10$eJCDxbyTqGrsX5YF1Iy6TOrMQUri4nGC1ltcF27XexNx9aC2pkYe.', 'lvv@example.com', '0901234587', '1991-05-19', N'Nam', '123456789021', 'Customer'),
('khachhang22', N'Phạm Thị X', '$2b$10$eJCDxbyTqGrsX5YF1Iy6TOrMQUri4nGC1ltcF27XexNx9aC2pkYe.', 'ptx@example.com', '0901234588', '1984-07-04', N'Nữ', '123456789022', 'Customer'),
('khachhang23', N'Hoàng Văn Y', '$2b$10$eJCDxbyTqGrsX5YF1Iy6TOrMQUri4nGC1ltcF27XexNx9aC2pkYe.', 'hvy@example.com', '0901234589', '1992-09-15', N'Nam', '123456789023', 'Customer'),
('khachhang24', N'Đỗ Thị Z', '$2b$10$eJCDxbyTqGrsX5YF1Iy6TOrMQUri4nGC1ltcF27XexNx9aC2pkYe.', 'dtz@example.com', '0901234590', '1981-11-29', N'Nữ', '123456789024', 'Customer'),
('khachhang25', N'Võ Văn AA', '$2b$10$eJCDxbyTqGrsX5YF1Iy6TOrMQUri4nGC1ltcF27XexNx9aC2pkYe.', 'vvaa@example.com', '0901234591', '1995-02-10', N'Nam', '123456789025', 'Customer'),
('khachhang26', N'Bùi Thị BB', '$2b$10$eJCDxbyTqGrsX5YF1Iy6TOrMQUri4nGC1ltcF27XexNx9aC2pkYe.', 'btbb@example.com', '0901234592', '1988-04-23', N'Nữ', '123456789026', 'Customer'),
('khachhang27', N'Đặng Văn CC', '$2b$10$eJCDxbyTqGrsX5YF1Iy6TOrMQUri4nGC1ltcF27XexNx9aC2pkYe.', 'dvcc@example.com', '0901234593', '1990-06-05', N'Nam', '123456789027', 'Customer'),
('khachhang28', N'Nguyễn Thị DD', '$2b$10$eJCDxbyTqGrsX5YF1Iy6TOrMQUri4nGC1ltcF27XexNx9aC2pkYe.', 'ntdd@example.com', '0901234594', '1987-08-17', N'Nữ', '123456789028', 'Customer'),
('khachhang29', N'Trần Văn EE', '$2b$10$eJCDxbyTqGrsX5YF1Iy6TOrMQUri4nGC1ltcF27XexNx9aC2pkYe.', 'tvee@example.com', '0901234595', '1993-10-28', N'Nam', '123456789029', 'Customer'),
('khachhang30', N'Lê Thị FF', '$2b$10$eJCDxbyTqGrsX5YF1Iy6TOrMQUri4nGC1ltcF27XexNx9aC2pkYe.', 'ltff@example.com', '0901234596', '1986-12-01', N'Nữ', '123456789030', 'Customer'),
('khachhang31', N'Phạm Văn GG', '$2b$10$eJCDxbyTqGrsX5YF1Iy6TOrMQUri4nGC1ltcF27XexNx9aC2pkYe.', 'pvgg@example.com', '0901234597', '1994-02-14', N'Nam', '123456789031', 'Customer'),
('khachhang32', N'Hoàng Thị HH', '$2b$10$eJCDxbyTqGrsX5YF1Iy6TOrMQUri4nGC1ltcF27XexNx9aC2pkYe.', 'hthh@example.com', '0901234598', '1989-04-27', N'Nữ', '123456789032', 'Customer'),
('khachhang33', N'Đỗ Văn II', '$2b$10$eJCDxbyTqGrsX5YF1Iy6TOrMQUri4nGC1ltcF27XexNx9aC2pkYe.', 'dvii@example.com', '0901234599', '1996-06-08', N'Nam', '123456789033', 'Customer'),
('khachhang34', N'Võ Thị JJ', '$2b$10$eJCDxbyTqGrsX5YF1Iy6TOrMQUri4nGC1ltcF27XexNx9aC2pkYe.', 'vtjj@example.com', '0901234600', '1985-08-01', N'Nữ', '123456789034', 'Customer'),
('khachhang35', N'Bùi Văn KK', '$2b$10$eJCDxbyTqGrsX5YF1Iy6TOrMQUri4nGC1ltcF27XexNx9aC2pkYe.', 'bvkk@example.com', '0901234601', '1997-10-12', N'Nam', '123456789035', 'Customer'),
('khachhang36', N'Đặng Thị LL', '$2b$10$eJCDxbyTqGrsX5YF1Iy6TOrMQUri4nGC1ltcF27XexNx9aC2pkYe.', 'dtll@example.com', '0901234602', '1982-12-25', N'Nữ', '123456789036', 'Customer'),
('khachhang37', N'Nguyễn Văn MM', '$2b$10$eJCDxbyTqGrsX5YF1Iy6TOrMQUri4nGC1ltcF27XexNx9aC2pkYe.', 'nvmm@example.com', '0901234603', '1998-01-05', N'Nam', '123456789037', 'Customer'),
('khachhang38', N'Trần Thị NN', '$2b$10$eJCDxbyTqGrsX5YF1Iy6TOrMQUri4nGC1ltcF27XexNx9aC2pkYe.', 'ttnn@example.com', '0901234604', '1980-03-18', N'Nữ', '123456789038', 'Customer'),
('khachhang39', N'Lê Văn OO', '$2b$10$eJCDxbyTqGrsX5YF1Iy6TOrMQUri4nGC1ltcF27XexNx9aC2pkYe.', 'lvoo@example.com', '0901234605', '1999-05-29', N'Nam', '123456789039', 'Customer'),
('khachhang40', N'Phạm Thị PP', '$2b$10$eJCDxbyTqGrsX5YF1Iy6TOrMQUri4nGC1ltcF27XexNx9aC2pkYe.', 'ptpp@example.com', '0901234606', '1983-07-02', N'Nữ', '123456789040', 'Customer'),
('khachhang41', N'Hoàng Văn QQ', '$2b$10$eJCDxbyTqGrsX5YF1Iy6TOrMQUri4nGC1ltcF27XexNx9aC2pkYe.', 'hvqq@example.com', '0901234607', '2000-09-13', N'Nam', '123456789041', 'Customer'),
('khachhang42', N'Đỗ Thị RR', '$2b$10$eJCDxbyTqGrsX5YF1Iy6TOrMQUri4nGC1ltcF27XexNx9aC2pkYe.', 'dtrr@example.com', '0901234608', '1981-11-26', N'Nữ', '123456789042', 'Customer'),
('khachhang43', N'Võ Văn SS', '$2b$10$eJCDxbyTqGrsX5YF1Iy6TOrMQUri4nGC1ltcF27XexNx9aC2pkYe.', 'vvss@example.com', '0901234609', '1995-02-07', N'Nam', '123456789043', 'Customer'),
('khachhang44', N'Bùi Thị TT', '$2b$10$eJCDxbyTqGrsX5YF1Iy6TOrMQUri4nGC1ltcF27XexNx9aC2pkYe.', 'bttt@example.com', '0901234610', '1988-04-20', N'Nữ', '123456789044', 'Customer'),
('khachhang45', N'Đặng Văn UU', '$2b$10$eJCDxbyTqGrsX5YF1Iy6TOrMQUri4nGC1ltcF27XexNx9aC2pkYe.', 'dvuu@example.com', '0901234611', '1990-06-01', N'Nam', '123456789045', 'Customer'),
('khachhang46', N'Nguyễn Thị VV', '$2b$10$eJCDxbyTqGrsX5YF1Iy6TOrMQUri4nGC1ltcF27XexNx9aC2pkYe.', 'ntvv@example.com', '0901234612', '1987-08-13', N'Nữ', '123456789046', 'Customer'),
('khachhang47', N'Trần Văn XX', '$2b$10$eJCDxbyTqGrsX5YF1Iy6TOrMQUri4nGC1ltcF27XexNx9aC2pkYe.', 'tvxx@example.com', '0901234613', '1993-10-24', N'Nam', '123456789047', 'Customer'),
('khachhang48', N'Lê Thị YY', '$2b$10$eJCDxbyTqGrsX5YF1Iy6TOrMQUri4nGC1ltcF27XexNx9aC2pkYe.', 'ltyy@example.com', '0901234614', '1986-12-07', N'Nữ', '123456789048', 'Customer'),
('khachhang49', N'Phạm Văn ZZ', '$2b$10$eJCDxbyTqGrsX5YF1Iy6TOrMQUri4nGC1ltcF27XexNx9aC2pkYe.', 'pvzz@example.com', '0901234615', '1994-02-18', N'Nam', '123456789049', 'Customer'),
('khachhang50', N'Hoàng Thị AAA', '$2b$10$eJCDxbyTqGrsX5YF1Iy6TOrMQUri4nGC1ltcF27XexNx9aC2pkYe.', 'htaaa@example.com', '0901234616', '1989-04-03', N'Nữ', '123456789050', 'Customer'),
('khachhang51', N'Đỗ Văn BBB', '$2b$10$eJCDxbyTqGrsX5YF1Iy6TOrMQUri4nGC1ltcF27XexNx9aC2pkYe.', 'dvbbb@example.com', '0901234617', '1996-06-14', N'Nam', '123456789051', 'Customer'),
('khachhang52', N'Võ Thị CCC', '$2b$10$eJCDxbyTqGrsX5YF1Iy6TOrMQUri4nGC1ltcF27XexNx9aC2pkYe.', 'vtccc@example.com', '0901234618', '1985-08-27', N'Nữ', '123456789052', 'Customer'),
('khachhang53', N'Bùi Văn DDD', '$2b$10$eJCDxbyTqGrsX5YF1Iy6TOrMQUri4nGC1ltcF27XexNx9aC2pkYe.', 'bvddd@example.com', '0901234619', '1997-10-08', N'Nam', '123456789053', 'Customer'),
('khachhang54', N'Đặng Thị EEE', '$2b$10$eJCDxbyTqGrsX5YF1Iy6TOrMQUri4nGC1ltcF27XexNx9aC2pkYe.', 'dtee@example.com', '0901234620', '1982-12-03', N'Nữ', '123456789054', 'Customer'),
('khachhang55', N'Nguyễn Văn FFF', '$2b$10$eJCDxbyTqGrsX5YF1Iy6TOrMQUri4nGC1ltcF27XexNx9aC2pkYe.', 'nvfff@example.com', '0901234621', '1998-01-16', N'Nam', '123456789055', 'Customer'),
('khachhang56', N'Trần Thị GGG', '$2b$10$eJCDxbyTqGrsX5YF1Iy6TOrMQUri4nGC1ltcF27XexNx9aC2pkYe.', 'ttggg@example.com', '0901234622', '1980-03-29', N'Nữ', '123456789056', 'Customer'),
('khachhang57', N'Lê Văn HHH', '$2b$10$eJCDxbyTqGrsX5YF1Iy6TOrMQUri4nGC1ltcF27XexNx9aC2pkYe.', 'lvhhh@example.com', '0901234623', '1999-05-10', N'Nam', '123456789057', 'Customer'),
('khachhang58', N'Phạm Thị III', '$2b$10$eJCDxbyTqGrsX5YF1Iy6TOrMQUri4nGC1ltcF27XexNx9aC2pkYe.', 'ptiii@example.com', '0901234624', '1983-07-23', N'Nữ', '123456789058', 'Customer'),
('khachhang59', N'Hoàng Văn JJJ', '$2b$10$eJCDxbyTqGrsX5YF1Iy6TOrMQUri4nGC1ltcF27XexNx9aC2pkYe.', 'hvjjj@example.com', '0901234625', '2000-09-04', N'Nam', '123456789059', 'Customer'),
('khachhang60', N'Đỗ Thị KKK', '$2b$10$eJCDxbyTqGrsX5YF1Iy6TOrMQUri4nGC1ltcF27XexNx9aC2pkYe.', 'dtkkk@example.com', '0901234626', '1981-11-17', N'Nữ', '123456789060', 'Customer'),
('khachhang61', N'Võ Văn LLL', '$2b$10$eJCDxbyTqGrsX5YF1Iy6TOrMQUri4nGC1ltcF27XexNx9aC2pkYe.', 'vvlll@example.com', '0901234627', '1995-02-28', N'Nam', '123456789061', 'Customer'),
('khachhang62', N'Bùi Thị MMM', '$2b$10$eJCDxbyTqGrsX5YF1Iy6TOrMQUri4nGC1ltcF27XexNx9aC2pkYe.', 'btmmm@example.com', '0901234628', '1988-04-11', N'Nữ', '123456789062', 'Customer'),
('khachhang63', N'Đặng Văn NNN', '$2b$10$eJCDxbyTqGrsX5YF1Iy6TOrMQUri4nGC1ltcF27XexNx9aC2pkYe.', 'dvnnn@example.com', '0901234629', '1990-06-22', N'Nam', '123456789063', 'Customer'),
('khachhang64', N'Nguyễn Thị OOO', '$2b$10$eJCDxbyTqGrsX5YF1Iy6TOrMQUri4nGC1ltcF27XexNx9aC2pkYe.', 'ntooo@example.com', '0901234630', '1987-08-05', N'Nữ', '123456789064', 'Customer'),
('khachhang65', N'Trần Văn PPP', '$2b$10$eJCDxbyTqGrsX5YF1Iy6TOrMQUri4nGC1ltcF27XexNx9aC2pkYe.', 'tvppp@example.com', '0901234631', '1993-10-16', N'Nam', '123456789065', 'Customer'),
('khachhang66', N'Lê Thị QQQ', '$2b$10$eJCDxbyTqGrsX5YF1Iy6TOrMQUri4nGC1ltcF27XexNx9aC2pkYe.', 'ltqqq@example.com', '0901234632', '1986-12-29', N'Nữ', '123456789066', 'Customer'),
('khachhang67', N'Phạm Văn RRR', '$2b$10$eJCDxbyTqGrsX5YF1Iy6TOrMQUri4nGC1ltcF27XexNx9aC2pkYe.', 'pvrrr@example.com', '0901234633', '1994-02-09', N'Nam', '123456789067', 'Customer'),
('khachhang68', N'Hoàng Thị SSS', '$2b$10$eJCDxbyTqGrsX5YF1Iy6TOrMQUri4nGC1ltcF27XexNx9aC2pkYe.', 'htsss@example.com', '0901234634', '1989-04-22', N'Nữ', '123456789068', 'Customer'),
('khachhang69', N'Đỗ Văn TTT', '$2b$10$eJCDxbyTqGrsX5YF1Iy6TOrMQUri4nGC1ltcF27XexNx9aC2pkYe.', 'dvttt@example.com', '0901234635', '1996-06-03', N'Nam', '123456789069', 'Customer'),
('khachhang70', N'Võ Thị UUU', '$2b$10$eJCDxbyTqGrsX5YF1Iy6TOrMQUri4nGC1ltcF27XexNx9aC2pkYe.', 'vtuuu@example.com', '0901234636', '1985-08-16', N'Nữ', '123456789070', 'Customer'),
('khachhang71', N'Bùi Văn VVV', '$2b$10$eJCDxbyTqGrsX5YF1Iy6TOrMQUri4nGC1ltcF27XexNx9aC2pkYe.', 'bvvvv@example.com', '0901234637', '1997-10-27', N'Nam', '123456789071', 'Customer'),
('khachhang72', N'Đặng Thị XXX', '$2b$10$eJCDxbyTqGrsX5YF1Iy6TOrMQUri4nGC1ltcF27XexNx9aC2pkYe.', 'dtxxx@example.com', '0901234638', '1982-12-10', N'Nữ', '123456789072', 'Customer'),
('khachhang73', N'Nguyễn Văn YYY', '$2b$10$eJCDxbyTqGrsX5YF1Iy6TOrMQUri4nGC1ltcF27XexNx9aC2pkYe.', 'nvyyy@example.com', '0901234639', '1998-01-23', N'Nam', '123456789073', 'Customer'),
('khachhang74', N'Trần Thị ZZZ', '$2b$10$eJCDxbyTqGrsX5YF1Iy6TOrMQUri4nGC1ltcF27XexNx9aC2pkYe.', 'ttzzz@example.com', '0901234640', '1980-03-06', N'Nữ', '123456789074', 'Customer'),
('khachhang75', N'Lê Văn A1', '$2b$10$eJCDxbyTqGrsX5YF1Iy6TOrMQUri4nGC1ltcF27XexNx9aC2pkYe.', 'lva1@example.com', '0901234641', '1999-05-17', N'Nam', '123456789075', 'Customer'),
('khachhang76', N'Phạm Thị B1', '$2b$10$eJCDxbyTqGrsX5YF1Iy6TOrMQUri4nGC1ltcF27XexNx9aC2pkYe.', 'ptb1@example.com', '0901234642', '1983-07-30', N'Nữ', '123456789076', 'Customer'),
('khachhang77', N'Hoàng Văn C1', '$2b$10$eJCDxbyTqGrsX5YF1Iy6TOrMQUri4nGC1ltcF27XexNx9aC2pkYe.', 'hvc1@example.com', '0901234643', '2000-09-11', N'Nam', '123456789077', 'Customer'),
('khachhang78', N'Đỗ Thị D1', '$2b$10$eJCDxbyTqGrsX5YF1Iy6TOrMQUri4nGC1ltcF27XexNx9aC2pkYe.', 'dtd1@example.com', '0901234644', '1981-11-24', N'Nữ', '123456789078', 'Customer'),
('khachhang79', N'Võ Văn E1', '$2b$10$eJCDxbyTqGrsX5YF1Iy6TOrMQUri4nGC1ltcF27XexNx9aC2pkYe.', 'vve1@example.com', '0901234645', '1995-02-05', N'Nam', '123456789079', 'Customer'),
('khachhang80', N'Bùi Thị F1', '$2b$10$eJCDxbyTqGrsX5YF1Iy6TOrMQUri4nGC1ltcF27XexNx9aC2pkYe.', 'btf1@example.com', '0901234646', '1988-04-18', N'Nữ', '123456789080', 'Customer'),
('khachhang81', N'Đặng Văn G1', '$2b$10$eJCDxbyTqGrsX5YF1Iy6TOrMQUri4nGC1ltcF27XexNx9aC2pkYe.', 'dvg1@example.com', '0901234647', '1990-06-29', N'Nam', '123456789081', 'Customer'),
('khachhang82', N'Nguyễn Thị H1', '$2b$10$eJCDxbyTqGrsX5YF1Iy6TOrMQUri4nGC1ltcF27XexNx9aC2pkYe.', 'nth1@example.com', '0901234648', '1987-08-11', N'Nữ', '123456789082', 'Customer'),
('khachhang83', N'Trần Văn I1', '$2b$10$eJCDxbyTqGrsX5YF1Iy6TOrMQUri4nGC1ltcF27XexNx9aC2pkYe.', 'tvi1@example.com', '0901234649', '1993-10-22', N'Nam', '123456789083', 'Customer'),
('khachhang84', N'Lê Thị K1', '$2b$10$eJCDxbyTqGrsX5YF1Iy6TOrMQUri4nGC1ltcF27XexNx9aC2pkYe.', 'ltk1@example.com', '0901234650', '1986-12-05', N'Nữ', '123456789084', 'Customer'),
('khachhang85', N'Phạm Văn L1', '$2b$10$eJCDxbyTqGrsX5YF1Iy6TOrMQUri4nGC1ltcF27XexNx9aC2pkYe.', 'pvl1@example.com', '0901234651', '1994-02-16', N'Nam', '123456789085', 'Customer'),
('khachhang86', N'Hoàng Thị M1', '$2b$10$eJCDxbyTqGrsX5YF1Iy6TOrMQUri4nGC1ltcF27XexNx9aC2pkYe.', 'htm1@example.com', '0901234652', '1989-04-29', N'Nữ', '123456789086', 'Customer'),
('khachhang87', N'Đỗ Văn N1', '$2b$10$eJCDxbyTqGrsX5YF1Iy6TOrMQUri4nGC1ltcF27XexNx9aC2pkYe.', 'dvn1@example.com', '0901234653', '1996-06-10', N'Nam', '123456789087', 'Customer'),
('khachhang88', N'Võ Thị O1', '$2b$10$eJCDxbyTqGrsX5YF1Iy6TOrMQUri4nGC1ltcF27XexNx9aC2pkYe.', 'vto1@example.com', '0901234654', '1985-08-23', N'Nữ', '123456789088', 'Customer'),
('khachhang89', N'Bùi Văn P1', '$2b$10$eJCDxbyTqGrsX5YF1Iy6TOrMQUri4nGC1ltcF27XexNx9aC2pkYe.', 'bvp1@example.com', '0901234655', '1997-10-04', N'Nam', '123456789089', 'Customer'),
('khachhang90', N'Đặng Thị Q1', '$2b$10$eJCDxbyTqGrsX5YF1Iy6TOrMQUri4nGC1ltcF27XexNx9aC2pkYe.', 'dtq1@example.com', '0901234656', '1982-12-17', N'Nữ', '123456789090', 'Customer'),
('khachhang91', N'Nguyễn Văn R1', '$2b$10$eJCDxbyTqGrsX5YF1Iy6TOrMQUri4nGC1ltcF27XexNx9aC2pkYe.', 'nvr1@example.com', '0901234657', '1998-01-30', N'Nam', '123456789091', 'Customer'),
('khachhang92', N'Trần Thị S1', '$2b$10$eJCDxbyTqGrsX5YF1Iy6TOrMQUri4nGC1ltcF27XexNx9aC2pkYe.', 'tts1@example.com', '0901234658', '1980-03-13', N'Nữ', '123456789092', 'Customer'),
('khachhang93', N'Lê Văn T1', '$2b$10$eJCDxbyTqGrsX5YF1Iy6TOrMQUri4nGC1ltcF27XexNx9aC2pkYe.', 'lvt1@example.com', '0901234659', '1999-05-24', N'Nam', '123456789093', 'Customer'),
('khachhang94', N'Phạm Thị U1', '$2b$10$eJCDxbyTqGrsX5YF1Iy6TOrMQUri4nGC1ltcF27XexNx9aC2pkYe.', 'ptu1@example.com', '0901234660', '1983-07-07', N'Nữ', '123456789094', 'Customer'),
('khachhang95', N'Hoàng Văn V1', '$2b$10$eJCDxbyTqGrsX5YF1Iy6TOrMQUri4nGC1ltcF27XexNx9aC2pkYe.', 'hvv1@example.com', '0901234661', '2000-09-18', N'Nam', '123456789095', 'Customer'),
('khachhang96', N'Đỗ Thị X1', '$2b$10$eJCDxbyTqGrsX5YF1Iy6TOrMQUri4nGC1ltcF27XexNx9aC2pkYe.', 'dtx1@example.com', '0901234662', '1981-11-01', N'Nữ', '123456789096', 'Customer'),
('khachhang97', N'Võ Văn Y1', '$2b$10$eJCDxbyTqGrsX5YF1Iy6TOrMQUri4nGC1ltcF27XexNx9aC2pkYe.', 'vvy1@example.com', '0901234663', '1995-02-12', N'Nam', '123456789097', 'Customer'),
('khachhang98', N'Bùi Thị Z1', '$2b$10$eJCDxbyTqGrsX5YF1Iy6TOrMQUri4nGC1ltcF27XexNx9aC2pkYe.', 'btz1@example.com', '0901234664', '1988-04-25', N'Nữ', '123456789098', 'Customer'),
('khachhang99', N'Đặng Văn A2', '$2b$10$eJCDxbyTqGrsX5YF1Iy6TOrMQUri4nGC1ltcF27XexNx9aC2pkYe.', 'dva2@example.com', '0901234665', '1990-06-06', N'Nam', '123456789099', 'Customer'),
('nhanvien1', N'Lê Hoàng Anh', '$2b$10$eJCDxbyTqGrsX5YF1Iy6TOrMQUri4nGC1ltcF27XexNx9aC2pkYe.', 'lha@example.com', '0911223344', '1985-02-10', N'Nam', '100000000001', 'Employee'),
('nhanvien2', N'Trần Minh Tú', '$2b$10$eJCDxbyTqGrsX5YF1Iy6TOrMQUri4nGC1ltcF27XexNx9aC2pkYe.', 'tmt@example.com', '0911223345', '1990-07-22', N'Nữ', '100000000002', 'Employee'),
('nhanvien3', N'Phạm Gia Bảo', '$2b$10$eJCDxbyTqGrsX5YF1Iy6TOrMQUri4nGC1ltcF27XexNx9aC2pkYe.', 'pgb@example.com', '0911223346', '1988-09-03', N'Nam', '100000000003', 'Employee'),
('nhanvien4', N'Nguyễn Thanh Thảo', '$2b$10$eJCDxbyTqGrsX5YF1Iy6TOrMQUri4nGC1ltcF27XexNx9aC2pkYe.', 'ntt@example.com', '0911223347', '1993-01-14', N'Nữ', '100000000004', 'Employee'),
('nhanvien5', N'Vũ Đức Mạnh', '$2b$10$eJCDxbyTqGrsX5YF1Iy6TOrMQUri4nGC1ltcF27XexNx9aC2pkYe.', 'vdm@example.com', '0911223348', '1987-04-26', N'Nam', '100000000005', 'Employee'),
('nhanvien6', N'Đặng Phương Linh', '$2b$10$eJCDxbyTqGrsX5YF1Iy6TOrMQUri4nGC1ltcF27XexNx9aC2pkYe.', 'dpl@example.com', '0911223349', '1991-06-08', N'Nữ', '100000000006', 'Employee'),
('nhanvien7', N'Tô Minh Quang', '$2b$10$eJCDxbyTqGrsX5YF1Iy6TOrMQUri4nGC1ltcF27XexNx9aC2pkYe.', 'tmq@example.com', '0911223350', '1989-08-19', N'Nam', '100000000007', 'Employee'),
('nhanvien8', N'Dương Thùy Trang', '$2b$10$eJCDxbyTqGrsX5YF1Iy6TOrMQUri4nGC1ltcF27XexNx9aC2pkYe.', 'dtt@example.com', '0911223351', '1994-10-30', N'Nữ', '100000000008', 'Employee'),
('nhanvien9', N'Cao Xuân Hùng', '$2b$10$eJCDxbyTqGrsX5YF1Iy6TOrMQUri4nGC1ltcF27XexNx9aC2pkYe.', 'cxh@example.com', '0911223352', '1986-12-01', N'Nam', '100000000009', 'Employee'),
('nhanvien10', N'Bùi Thanh Tâm', '$2b$10$eJCDxbyTqGrsX5YF1Iy6TOrMQUri4nGC1ltcF27XexNx9aC2pkYe.', 'btt@example.com', '0911223353', '1992-03-13', N'Nữ', '100000000010', 'Employee');
GO

-- Dữ liệu mẫu cho bảng KhachHang
INSERT INTO KhachHang (MaKH, Passport, TaiKhoan) VALUES
('KH001', 'PAS001', 'khachhang1'),
('KH002', 'PAS002', 'khachhang2'),
('KH003', 'PAS003', 'khachhang3'),
('KH004', 'PAS004', 'khachhang4'),
('KH005', 'PAS005', 'khachhang5'),
('KH006', 'PAS006', 'khachhang6'),
('KH007', 'PAS007', 'khachhang7'),
('KH008', 'PAS008', 'khachhang8'),
('KH009', 'PAS009', 'khachhang9'),
('KH010', 'PAS010', 'khachhang10'),
('KH011', 'PAS011', 'khachhang11'),
('KH012', 'PAS012', 'khachhang12'),
('KH013', 'PAS013', 'khachhang13'),
('KH014', 'PAS014', 'khachhang14'),
('KH015', 'PAS015', 'khachhang15'),
('KH016', 'PAS016', 'khachhang16'),
('KH017', 'PAS017', 'khachhang17'),
('KH018', 'PAS018', 'khachhang18'),
('KH019', 'PAS019', 'khachhang19'),
('KH020', 'PAS020', 'khachhang20'),
('KH021', 'PAS021', 'khachhang21'),
('KH022', 'PAS022', 'khachhang22'),
('KH023', 'PAS023', 'khachhang23'),
('KH024', 'PAS024', 'khachhang24'),
('KH025', 'PAS025', 'khachhang25'),
('KH026', 'PAS026', 'khachhang26'),
('KH027', 'PAS027', 'khachhang27'),
('KH028', 'PAS028', 'khachhang28'),
('KH029', 'PAS029', 'khachhang29'),
('KH030', 'PAS030', 'khachhang30'),
('KH031', 'PAS031', 'khachhang31'),
('KH032', 'PAS032', 'khachhang32'),
('KH033', 'PAS033', 'khachhang33'),
('KH034', 'PAS034', 'khachhang34'),
('KH035', 'PAS035', 'khachhang35'),
('KH036', 'PAS036', 'khachhang36'),
('KH037', 'PAS037', 'khachhang37'),
('KH038', 'PAS038', 'khachhang38'),
('KH039', 'PAS039', 'khachhang39'),
('KH040', 'PAS040', 'khachhang40'),
('KH041', 'PAS041', 'khachhang41'),
('KH042', 'PAS042', 'khachhang42'),
('KH043', 'PAS043', 'khachhang43'),
('KH044', 'PAS044', 'khachhang44'),
('KH045', 'PAS045', 'khachhang45'),
('KH046', 'PAS046', 'khachhang46'),
('KH047', 'PAS047', 'khachhang47'),
('KH048', 'PAS048', 'khachhang48'),
('KH049', 'PAS049', 'khachhang49'),
('KH050', 'PAS050', 'khachhang50'),
('KH051', 'PAS051', 'khachhang51'),
('KH052', 'PAS052', 'khachhang52'),
('KH053', 'PAS053', 'khachhang53'),
('KH054', 'PAS054', 'khachhang54'),
('KH055', 'PAS055', 'khachhang55'),
('KH056', 'PAS056', 'khachhang56'),
('KH057', 'PAS057', 'khachhang57'),
('KH058', 'PAS058', 'khachhang58'),
('KH059', 'PAS059', 'khachhang59'),
('KH060', 'PAS060', 'khachhang60'),
('KH061', 'PAS061', 'khachhang61'),
('KH062', 'PAS062', 'khachhang62'),
('KH063', 'PAS063', 'khachhang63'),
('KH064', 'PAS064', 'khachhang64'),
('KH065', 'PAS065', 'khachhang65'),
('KH066', 'PAS066', 'khachhang66'),
('KH067', 'PAS067', 'khachhang67'),
('KH068', 'PAS068', 'khachhang68'),
('KH069', 'PAS069', 'khachhang69'),
('KH070', 'PAS070', 'khachhang70'),
('KH071', 'PAS071', 'khachhang71'),
('KH072', 'PAS072', 'khachhang72'),
('KH073', 'PAS073', 'khachhang73'),
('KH074', 'PAS074', 'khachhang74'),
('KH075', 'PAS075', 'khachhang75'),
('KH076', 'PAS076', 'khachhang76'),
('KH077', 'PAS077', 'khachhang77'),
('KH078', 'PAS078', 'khachhang78'),
('KH079', 'PAS079', 'khachhang79'),
('KH080', 'PAS080', 'khachhang80'),
('KH081', 'PAS081', 'khachhang81'),
('KH082', 'PAS082', 'khachhang82'),
('KH083', 'PAS083', 'khachhang83'),
('KH084', 'PAS084', 'khachhang84'),
('KH085', 'PAS085', 'khachhang85'),
('KH086', 'PAS086', 'khachhang86'),
('KH087', 'PAS087', 'khachhang87'),
('KH088', 'PAS088', 'khachhang88'),
('KH089', 'PAS089', 'khachhang89'),
('KH090', 'PAS090', 'khachhang90'),
('KH091', 'PAS091', 'khachhang91'),
('KH092', 'PAS092', 'khachhang92'),
('KH093', 'PAS093', 'khachhang93'),
('KH094', 'PAS094', 'khachhang94'),
('KH095', 'PAS095', 'khachhang95'),
('KH096', 'PAS096', 'khachhang96'),
('KH097', 'PAS097', 'khachhang97'),
('KH098', 'PAS098', 'khachhang98'),
('KH099', 'PAS099', 'khachhang99');
GO

-- Dữ liệu mẫu cho bảng NhanVienKiemSoat
INSERT INTO NhanVienKiemSoat (MaNV, TaiKhoan) VALUES
('NV001', 'nhanvien1'),
('NV002', 'nhanvien2'),
('NV003', 'nhanvien3'),
('NV004', 'nhanvien4'),
('NV005', 'nhanvien5'),
('NV006', 'nhanvien6'),
('NV007', 'nhanvien7'),
('NV008', 'nhanvien8'),
('NV009', 'nhanvien9'),
('NV010', 'nhanvien10');
GO

-- Dữ liệu mẫu cho bảng BaoCao (100 bản ghi)
DECLARE @i INT = 1;
DECLARE @NgayBaoCao DATE;
DECLARE @NoiDungBaoCao NVARCHAR(MAX);
DECLARE @MaNV VARCHAR(20);
DECLARE @TrangThai NVARCHAR(20);

WHILE @i <= 100
BEGIN
    SET @NgayBaoCao = DATEADD(day, -RAND() * 365, GETDATE());
    SET @NoiDungBaoCao = N'Nội dung báo cáo số ' + CAST(@i AS NVARCHAR(10));
    SET @MaNV = 'NV00' + CAST(CAST(RAND() * 9 + 1 AS INT) AS VARCHAR(1)); -- Chọn ngẫu nhiên từ NV001 đến NV009
    IF CAST(RAND() * 10 AS INT) % 2 = 0
        SET @TrangThai = N'Đã xử lý';
    ELSE
        SET @TrangThai = N'Chưa xử lý';

    INSERT INTO BaoCao (MaBaoCao, NgayBaoCao, NoiDungBaoCao, MaNV, TrangThai) VALUES
    ('BC' + FORMAT(@i, '000'), @NgayBaoCao, @NoiDungBaoCao, @MaNV, @TrangThai);
    SET @i = @i + 1;
END;
GO

-- Dữ liệu mẫu cho bảng ChuyenBay (15 bản ghi)
-- Sử dụng stored procedure sp_ThemChuyenBay để tự động tạo ghế
EXEC sp_ThemChuyenBay 'CB001', N'Chưa khởi hành', '2025-06-01 08:00:00', '2025-06-01 10:00:00', N'Hà Nội', N'TP. Hồ Chí Minh';
EXEC sp_ThemChuyenBay 'CB002', N'Chưa khởi hành', '2025-06-02 14:00:00', '2025-06-02 16:00:00', N'TP. Hồ Chí Minh', N'Đà Nẵng';
EXEC sp_ThemChuyenBay 'CB003', N'Chưa khởi hành', '2025-06-03 09:30:00', '2025-06-03 11:30:00', N'Đà Nẵng', N'Hà Nội';
EXEC sp_ThemChuyenBay 'CB004', N'Chưa khởi hành', '2025-06-04 11:00:00', '2025-06-04 12:00:00', N'Hà Nội', N'Phú Quốc';
EXEC sp_ThemChuyenBay 'CB005', N'Chưa khởi hành', '2025-06-05 17:00:00', '2025-06-05 19:00:00', N'TP. Hồ Chí Minh', N'Hải Phòng';
EXEC sp_ThemChuyenBay 'CB006', N'Chưa khởi hành', '2025-06-06 07:00:00', '2025-06-06 08:30:00', N'Hải Phòng', N'Nha Trang';
EXEC sp_ThemChuyenBay 'CB007', N'Chưa khởi hành', '2025-06-07 10:00:00', '2025-06-07 12:30:00', N'Nha Trang', N'Cần Thơ';
EXEC sp_ThemChuyenBay 'CB008', N'Chưa khởi hành', '2025-06-08 13:00:00', '2025-06-08 14:00:00', N'Cần Thơ', N'Đà Lạt';
EXEC sp_ThemChuyenBay 'CB009', N'Chưa khởi hành', '2025-06-09 15:00:00', '2025-06-09 16:30:00', N'Đà Lạt', N'Hà Nội';
EXEC sp_ThemChuyenBay 'CB010', N'Chưa khởi hành', '2025-06-10 18:00:00', '2025-06-10 20:00:00', N'TP. Hồ Chí Minh', N'Vinh';
EXEC sp_ThemChuyenBay 'CB011', N'Chưa khởi hành', '2025-06-11 06:00:00', '2025-06-11 07:30:00', N'Vinh', N'Huế';
EXEC sp_ThemChuyenBay 'CB012', N'Chưa khởi hành', '2025-06-12 09:00:00', '2025-06-12 11:00:00', N'Huế', N'Phú Quốc';
EXEC sp_ThemChuyenBay 'CB013', N'Chưa khởi hành', '2025-06-13 14:00:00', '2025-06-13 16:00:00', N'Phú Quốc', N'TP. Hồ Chí Minh';
EXEC sp_ThemChuyenBay 'CB014', N'Chưa khởi hành', '2025-06-14 10:00:00', '2025-06-14 11:30:00', N'Hà Nội', N'Đà Lạt';
EXEC sp_ThemChuyenBay 'CB015', N'Chưa khởi hành', '2025-06-15 16:00:00', '2025-06-15 18:00:00', N'TP. Hồ Chí Minh', N'Hà Nội';
GO

-- Dữ liệu mẫu cho bảng ThongTinDatVe (100 bản ghi)
-- Lấy ngẫu nhiên MaKH và MaChuyenBay từ các bảng đã có
DECLARE @k INT = 1;
DECLARE @RandomMaKH VARCHAR(20);
DECLARE @RandomMaChuyenBay VARCHAR(20);
DECLARE @NgayDatVe DATE;
DECLARE @NgayBay DATE;
DECLARE @TrangThaiThanhToan NVARCHAR(50);
DECLARE @SoGheDat INT;
DECLARE @SoTien DECIMAL(18, 2);
DECLARE @MinSoGhe INT = 1;
DECLARE @MaxSoGhe INT = 93; -- Tổng số ghế trên mỗi chuyến bay
DECLARE @GiaPhoThong DECIMAL(18, 2) = 1000000.00; -- Giá mặc định cho phổ thông

WHILE @k <= 100
BEGIN
    SELECT TOP 1 @RandomMaKH = MaKH FROM KhachHang ORDER BY NEWID();
    SELECT TOP 1 @RandomMaChuyenBay = MaChuyenBay FROM ChuyenBay WHERE TinhTrangChuyenBay = N'Chưa khởi hành' ORDER BY NEWID();
    
    SET @NgayDatVe = DATEADD(day, -CAST(RAND() * 30 + 1 AS INT), GETDATE()); -- Đặt vé trong vòng 30 ngày qua
    SET @NgayBay = DATEADD(day, CAST(RAND() * 60 + 1 AS INT), GETDATE()); -- Ngày bay trong 60 ngày tới
    
    -- Đảm bảo NgàyDatVe <= NgayBay
    IF @NgayDatVe > @NgayBay
        SET @NgayBay = DATEADD(day, CAST(RAND() * 30 + 1 AS INT), @NgayDatVe);

    IF CAST(RAND() * 10 AS INT) % 2 = 0
        SET @TrangThaiThanhToan = N'Chưa thanh toán';
    ELSE
        SET @TrangThaiThanhToan = N'Đã thanh toán';

    SET @SoGheDat = 1; -- Đặt 1 ghế cho mỗi lần đặt vé để đơn giản hóa logic

    -- Lấy giá của ghế phổ thông làm giá mặc định
    SELECT TOP 1 @SoTien = GiaGhe FROM ThongTinGhe WHERE MaChuyenBay = @RandomMaChuyenBay AND HangGhe = N'Phổ thông' ORDER BY NEWID();
    IF @SoTien IS NULL
        SET @SoTien = @GiaPhoThong; -- Fallback nếu không tìm thấy ghế phổ thông

    INSERT INTO ThongTinDatVe (MaDatVe, NgayDatVe, NgayBay, TrangThaiThanhToan, SoGhe, SoTien, MaChuyenBay, MaKH) VALUES
    ('DV' + FORMAT(@k, '000'), @NgayDatVe, @NgayBay, @TrangThaiThanhToan, @SoGheDat, @SoTien, @RandomMaChuyenBay, @RandomMaKH);
    SET @k = @k + 1;
END;
GO

-- Dữ liệu mẫu cho bảng ThanhToan (100 bản ghi)
-- Lấy MaDatVe từ các bản ghi ThongTinDatVe có TrangThaiThanhToan = N'Chưa thanh toán' hoặc N'Đã thanh toán'
DECLARE @l INT = 1;
DECLARE @RandomMaDatVe VARCHAR(20);
DECLARE @NgayTT DATE;
DECLARE @SoTienTT DECIMAL(18, 2);
DECLARE @PTTT NVARCHAR(50);
DECLARE @MaDatVe_Cursor VARCHAR(20);

DECLARE cur_DatVe CURSOR FOR
SELECT MaDatVe FROM ThongTinDatVe;

OPEN cur_DatVe;
FETCH NEXT FROM cur_DatVe INTO @MaDatVe_Cursor;

WHILE @@FETCH_STATUS = 0 AND @l <= 100
BEGIN
    -- Lấy thông tin số tiền từ bảng ThongTinDatVe
    SELECT @SoTienTT = SoTien FROM ThongTinDatVe WHERE MaDatVe = @MaDatVe_Cursor;

    SET @NgayTT = DATEADD(day, -CAST(RAND() * 15 AS INT), GETDATE()); -- Ngày thanh toán trong 15 ngày qua
    
    SET @PTTT = CASE CAST(RAND() * 3 AS INT) + 1
        WHEN 1 THEN N'Tiền mặt'
        WHEN 2 THEN N'Thẻ tín dụng'
        WHEN 3 THEN N'Chuyển khoản'
    END;

    INSERT INTO ThanhToan (MaTT, NgayTT, SoTien, PTTT, MaDatVe) VALUES
    ('TT' + FORMAT(@l, '000'), @NgayTT, @SoTienTT, @PTTT, @MaDatVe_Cursor);
    
    SET @l = @l + 1;
    FETCH NEXT FROM cur_DatVe INTO @MaDatVe_Cursor;
END;
CLOSE cur_DatVe;
DEALLOCATE cur_DatVe;
GO

-- Dữ liệu mẫu cho bảng HoaDon (100 bản ghi)
DECLARE @m INT = 1;
DECLARE @RandomMaTT VARCHAR(20);
DECLARE @NgayXuatHD DATE;
DECLARE @PhuongThucTT NVARCHAR(50);
DECLARE @NgayThanhToan DATE;
DECLARE @MaTT_Cursor VARCHAR(20);

DECLARE cur_ThanhToan CURSOR FOR
SELECT MaTT FROM ThanhToan;

OPEN cur_ThanhToan;
FETCH NEXT FROM cur_ThanhToan INTO @MaTT_Cursor;

WHILE @@FETCH_STATUS = 0 AND @m <= 100
BEGIN
    -- Lấy thông tin từ bảng ThanhToan
    SELECT @NgayThanhToan = NgayTT, @PhuongThucTT = PTTT FROM ThanhToan WHERE MaTT = @MaTT_Cursor;

    SET @NgayXuatHD = DATEADD(day, -CAST(RAND() * 5 AS INT), @NgayThanhToan); -- Ngày xuất hóa đơn trước hoặc bằng ngày thanh toán

    INSERT INTO HoaDon (MaHoaDon, NgayXuatHD, PhuongThucTT, NgayThanhToan, MaTT) VALUES
    ('HD' + FORMAT(@m, '000'), @NgayXuatHD, @PhuongThucTT, @NgayThanhToan, @MaTT_Cursor);
    
    SET @m = @m + 1;
    FETCH NEXT FROM cur_ThanhToan INTO @MaTT_Cursor;
END;
CLOSE cur_ThanhToan;
DEALLOCATE cur_ThanhToan;
GO